algoritmo,array_nombre,n,time_ms,mem_est_bytes,input_type
mergesort,100000_aleatorio_D1_a.txt,100000,6.503395,70832128,aleatorio
mergesort,100000_aleatorio_D1_b.txt,100000,6.904297,70832128,aleatorio
mergesort,100000_aleatorio_D1_c.txt,100000,7.015837,70832128,aleatorio
mergesort,100000_aleatorio_D7_a.txt,100000,10.431048,70832128,aleatorio
mergesort,100000_aleatorio_D7_b.txt,100000,10.445699,70832128,aleatorio
mergesort,100000_aleatorio_D7_c.txt,100000,11.555292,70832128,aleatorio
mergesort,100000_ascendente_D1_a.txt,100000,5.576902,70832128,ascendente
mergesort,100000_ascendente_D1_b.txt,100000,4.556861,70832128,ascendente
mergesort,100000_ascendente_D1_c.txt,100000,5.970638,70832128,ascendente
mergesort,100000_ascendente_D7_a.txt,100000,4.404059,70832128,ascendente
mergesort,100000_ascendente_D7_b.txt,100000,4.096703,70832128,ascendente
mergesort,100000_ascendente_D7_c.txt,100000,4.376941,70832128,ascendente
mergesort,100000_descendente_D1_a.txt,100000,4.678397,70832128,descendente
mergesort,100000_descendente_D1_b.txt,100000,4.273827,70832128,descendente
mergesort,100000_descendente_D1_c.txt,100000,4.864775,70832128,descendente
mergesort,100000_descendente_D7_a.txt,100000,4.177547,70832128,descendente
mergesort,100000_descendente_D7_b.txt,100000,4.355141,70832128,descendente
mergesort,100000_descendente_D7_c.txt,100000,4.448107,70832128,descendente
mergesort,1000_aleatorio_D1_a.txt,1000,0.079336,70832128,aleatorio
mergesort,1000_aleatorio_D1_b.txt,1000,0.065866,70832128,aleatorio
mergesort,1000_aleatorio_D1_c.txt,1000,0.06775,70832128,aleatorio
mergesort,1000_aleatorio_D7_a.txt,1000,0.16161,70832128,aleatorio
mergesort,1000_aleatorio_D7_b.txt,1000,0.082265,70832128,aleatorio
mergesort,1000_aleatorio_D7_c.txt,1000,0.077541,70832128,aleatorio
mergesort,1000_ascendente_D1_a.txt,1000,0.056622,70832128,ascendente
mergesort,1000_ascendente_D1_b.txt,1000,0.041289,70832128,ascendente
mergesort,1000_ascendente_D1_c.txt,1000,0.039978,70832128,ascendente
mergesort,1000_ascendente_D7_a.txt,1000,0.039089,70832128,ascendente
mergesort,1000_ascendente_D7_b.txt,1000,0.039075,70832128,ascendente
mergesort,1000_ascendente_D7_c.txt,1000,0.038675,70832128,ascendente
mergesort,1000_descendente_D1_a.txt,1000,0.043305,70832128,descendente
mergesort,1000_descendente_D1_b.txt,1000,0.041852,70832128,descendente
mergesort,1000_descendente_D1_c.txt,1000,0.042026,70832128,descendente
mergesort,1000_descendente_D7_a.txt,1000,0.040955,70832128,descendente
mergesort,1000_descendente_D7_b.txt,1000,0.03885,70832128,descendente
mergesort,1000_descendente_D7_c.txt,1000,0.039355,70832128,descendente
mergesort,10_aleatorio_D1_a.txt,10,0.002018,70832128,aleatorio
mergesort,10_aleatorio_D1_b.txt,10,0.001893,70832128,aleatorio
mergesort,10_aleatorio_D1_c.txt,10,0.001756,70832128,aleatorio
mergesort,10_aleatorio_D7_a.txt,10,0.002017,70832128,aleatorio
mergesort,10_aleatorio_D7_b.txt,10,0.001756,70832128,aleatorio
mergesort,10_aleatorio_D7_c.txt,10,0.002292,70832128,aleatorio
mergesort,10_ascendente_D1_a.txt,10,0.001982,70832128,ascendente
mergesort,10_ascendente_D1_b.txt,10,0.001866,70832128,ascendente
mergesort,10_ascendente_D1_c.txt,10,0.001624,70832128,ascendente
mergesort,10_ascendente_D7_a.txt,10,0.001952,70832128,ascendente
mergesort,10_ascendente_D7_b.txt,10,0.001999,70832128,ascendente
mergesort,10_ascendente_D7_c.txt,10,0.001936,70832128,ascendente
mergesort,10_descendente_D1_a.txt,10,0.002285,70832128,descendente
mergesort,10_descendente_D1_b.txt,10,0.001773,70832128,descendente
mergesort,10_descendente_D1_c.txt,10,0.00249,70832128,descendente
mergesort,10_descendente_D7_a.txt,10,0.001808,70832128,descendente
mergesort,10_descendente_D7_b.txt,10,0.001979,70832128,descendente
mergesort,10_descendente_D7_c.txt,10,0.001869,70832128,descendente
mergesort,100000_aleatorio_D1_a.txt,100000,7.003376,71049216,aleatorio
mergesort,100000_aleatorio_D1_b.txt,100000,6.396012,71049216,aleatorio
mergesort,100000_aleatorio_D1_c.txt,100000,6.791498,71049216,aleatorio
mergesort,100000_aleatorio_D7_a.txt,100000,10.098466,71049216,aleatorio
mergesort,100000_aleatorio_D7_b.txt,100000,10.709922,71049216,aleatorio
mergesort,100000_aleatorio_D7_c.txt,100000,10.121592,71049216,aleatorio
mergesort,100000_ascendente_D1_a.txt,100000,4.00877,71049216,ascendente
mergesort,100000_ascendente_D1_b.txt,100000,3.883293,71049216,ascendente
mergesort,100000_ascendente_D1_c.txt,100000,4.061312,71049216,ascendente
mergesort,100000_ascendente_D7_a.txt,100000,4.123276,71049216,ascendente
mergesort,100000_ascendente_D7_b.txt,100000,4.163938,71049216,ascendente
mergesort,100000_ascendente_D7_c.txt,100000,4.130427,71049216,ascendente
mergesort,100000_descendente_D1_a.txt,100000,4.094666,71049216,descendente
mergesort,100000_descendente_D1_b.txt,100000,5.21348,71049216,descendente
mergesort,100000_descendente_D1_c.txt,100000,4.044335,71049216,descendente
mergesort,100000_descendente_D7_a.txt,100000,4.185173,71049216,descendente
mergesort,100000_descendente_D7_b.txt,100000,4.550901,71049216,descendente
mergesort,100000_descendente_D7_c.txt,100000,4.358346,71049216,descendente
mergesort,1000_aleatorio_D1_a.txt,1000,0.066767,71049216,aleatorio
mergesort,1000_aleatorio_D1_b.txt,1000,0.065536,71049216,aleatorio
mergesort,1000_aleatorio_D1_c.txt,1000,0.065239,71049216,aleatorio
mergesort,1000_aleatorio_D7_a.txt,1000,0.078819,71049216,aleatorio
mergesort,1000_aleatorio_D7_b.txt,1000,0.075635,71049216,aleatorio
mergesort,1000_aleatorio_D7_c.txt,1000,0.07236,71049216,aleatorio
mergesort,1000_ascendente_D1_a.txt,1000,0.150494,71049216,ascendente
mergesort,1000_ascendente_D1_b.txt,1000,0.037467,71049216,ascendente
mergesort,1000_ascendente_D1_c.txt,1000,0.052172,71049216,ascendente
mergesort,1000_ascendente_D7_a.txt,1000,0.039921,71049216,ascendente
mergesort,1000_ascendente_D7_b.txt,1000,0.040949,71049216,ascendente
mergesort,1000_ascendente_D7_c.txt,1000,0.056497,71049216,ascendente
mergesort,1000_descendente_D1_a.txt,1000,0.065753,71049216,descendente
mergesort,1000_descendente_D1_b.txt,1000,0.043891,71049216,descendente
mergesort,1000_descendente_D1_c.txt,1000,0.04494,71049216,descendente
mergesort,1000_descendente_D7_a.txt,1000,0.040203,71049216,descendente
mergesort,1000_descendente_D7_b.txt,1000,0.04196,71049216,descendente
mergesort,1000_descendente_D7_c.txt,1000,0.051734,71049216,descendente
mergesort,10_aleatorio_D1_a.txt,10,0.002098,71049216,aleatorio
mergesort,10_aleatorio_D1_b.txt,10,0.001859,71049216,aleatorio
mergesort,10_aleatorio_D1_c.txt,10,0.002079,71049216,aleatorio
mergesort,10_aleatorio_D7_a.txt,10,0.002212,71049216,aleatorio
mergesort,10_aleatorio_D7_b.txt,10,0.002569,71049216,aleatorio
mergesort,10_aleatorio_D7_c.txt,10,0.001922,71049216,aleatorio
mergesort,10_ascendente_D1_a.txt,10,0.001948,71049216,ascendente
mergesort,10_ascendente_D1_b.txt,10,0.001751,71049216,ascendente
mergesort,10_ascendente_D1_c.txt,10,0.001944,71049216,ascendente
mergesort,10_ascendente_D7_a.txt,10,0.002351,71049216,ascendente
mergesort,10_ascendente_D7_b.txt,10,0.001754,71049216,ascendente
mergesort,10_ascendente_D7_c.txt,10,0.001737,71049216,ascendente
mergesort,10_descendente_D1_a.txt,10,0.001971,71049216,descendente
mergesort,10_descendente_D1_b.txt,10,0.001827,71049216,descendente
mergesort,10_descendente_D1_c.txt,10,0.002332,71049216,descendente
mergesort,10_descendente_D7_a.txt,10,0.003332,71049216,descendente
mergesort,10_descendente_D7_b.txt,10,0.002435,71049216,descendente
mergesort,10_descendente_D7_c.txt,10,0.002829,71049216,descendente
mergesort,100000_aleatorio_D1_a.txt,100000,5.585288,400000,aleatorio
mergesort,100000_aleatorio_D1_b.txt,100000,6.175812,400000,aleatorio
mergesort,100000_aleatorio_D1_c.txt,100000,6.519985,400000,aleatorio
mergesort,100000_aleatorio_D7_a.txt,100000,9.695086,400000,aleatorio
mergesort,100000_aleatorio_D7_b.txt,100000,9.153093,400000,aleatorio
mergesort,100000_aleatorio_D7_c.txt,100000,9.682374,400000,aleatorio
mergesort,100000_ascendente_D1_a.txt,100000,3.313331,400000,ascendente
mergesort,100000_ascendente_D1_b.txt,100000,3.671143,400000,ascendente
mergesort,100000_ascendente_D1_c.txt,100000,4.369063,400000,ascendente
mergesort,100000_ascendente_D7_a.txt,100000,3.472007,400000,ascendente
mergesort,100000_ascendente_D7_b.txt,100000,3.404702,400000,ascendente
mergesort,100000_ascendente_D7_c.txt,100000,3.299132,400000,ascendente
mergesort,100000_descendente_D1_a.txt,100000,3.423828,400000,descendente
mergesort,100000_descendente_D1_b.txt,100000,4.015338,400000,descendente
mergesort,100000_descendente_D1_c.txt,100000,3.720301,400000,descendente
mergesort,100000_descendente_D7_a.txt,100000,3.269273,400000,descendente
mergesort,100000_descendente_D7_b.txt,100000,3.947074,400000,descendente
mergesort,100000_descendente_D7_c.txt,100000,3.914032,400000,descendente
mergesort,1000_aleatorio_D1_a.txt,1000,0.05747,8308,aleatorio
mergesort,1000_aleatorio_D1_b.txt,1000,0.055391,8308,aleatorio
mergesort,1000_aleatorio_D1_c.txt,1000,0.057056,8308,aleatorio
mergesort,1000_aleatorio_D7_a.txt,1000,0.065748,8308,aleatorio
mergesort,1000_aleatorio_D7_b.txt,1000,0.064688,8308,aleatorio
mergesort,1000_aleatorio_D7_c.txt,1000,0.067606,8308,aleatorio
mergesort,1000_ascendente_D1_a.txt,1000,0.03208,8309,ascendente
mergesort,1000_ascendente_D1_b.txt,1000,0.04818,8309,ascendente
mergesort,1000_ascendente_D1_c.txt,1000,0.032539,8309,ascendente
mergesort,1000_ascendente_D7_a.txt,1000,0.033611,8309,ascendente
mergesort,1000_ascendente_D7_b.txt,1000,0.033278,8309,ascendente
mergesort,1000_ascendente_D7_c.txt,1000,0.033257,8309,ascendente
mergesort,1000_descendente_D1_a.txt,1000,0.036723,8310,descendente
mergesort,1000_descendente_D1_b.txt,1000,0.038928,8310,descendente
mergesort,1000_descendente_D1_c.txt,1000,0.035726,8310,descendente
mergesort,1000_descendente_D7_a.txt,1000,0.032768,8310,descendente
mergesort,1000_descendente_D7_b.txt,1000,0.033618,8310,descendente
mergesort,1000_descendente_D7_c.txt,1000,0.032796,8310,descendente
mergesort,10_aleatorio_D1_a.txt,10,0.002031,8306,aleatorio
mergesort,10_aleatorio_D1_b.txt,10,0.001931,8306,aleatorio
mergesort,10_aleatorio_D1_c.txt,10,0.00193,8306,aleatorio
mergesort,10_aleatorio_D7_a.txt,10,0.00178,8306,aleatorio
mergesort,10_aleatorio_D7_b.txt,10,0.001762,8306,aleatorio
mergesort,10_aleatorio_D7_c.txt,10,0.001784,8306,aleatorio
mergesort,10_ascendente_D1_a.txt,10,0.001901,8307,ascendente
mergesort,10_ascendente_D1_b.txt,10,0.002008,8307,ascendente
mergesort,10_ascendente_D1_c.txt,10,0.001648,8307,ascendente
mergesort,10_ascendente_D7_a.txt,10,0.002223,8307,ascendente
mergesort,10_ascendente_D7_b.txt,10,0.001865,8307,ascendente
mergesort,10_ascendente_D7_c.txt,10,0.001871,8307,ascendente
mergesort,10_descendente_D1_a.txt,10,0.001836,8308,descendente
mergesort,10_descendente_D1_b.txt,10,0.00166,8308,descendente
mergesort,10_descendente_D1_c.txt,10,0.001688,8308,descendente
mergesort,10_descendente_D7_a.txt,10,0.001729,8308,descendente
mergesort,10_descendente_D7_b.txt,10,0.002061,8308,descendente
mergesort,10_descendente_D7_c.txt,10,0.001762,8308,descendente
quicksort,100000_aleatorio_D1_a.txt,100000,2.093005,71024640,aleatorio
quicksort,100000_aleatorio_D1_b.txt,100000,2.127842,71024640,aleatorio
quicksort,100000_aleatorio_D1_c.txt,100000,2.215714,71024640,aleatorio
quicksort,100000_aleatorio_D7_a.txt,100000,6.922637,71024640,aleatorio
quicksort,100000_aleatorio_D7_b.txt,100000,7.199584,71024640,aleatorio
quicksort,100000_aleatorio_D7_c.txt,100000,7.735626,71024640,aleatorio
quicksort,100000_ascendente_D1_a.txt,100000,0.899091,71024640,ascendente
quicksort,100000_ascendente_D1_b.txt,100000,0.923661,71024640,ascendente
quicksort,100000_ascendente_D1_c.txt,100000,0.824373,71024640,ascendente
quicksort,100000_ascendente_D7_a.txt,100000,0.904592,71024640,ascendente
quicksort,100000_ascendente_D7_b.txt,100000,0.913408,71024640,ascendente
quicksort,100000_ascendente_D7_c.txt,100000,0.903761,71024640,ascendente
quicksort,100000_descendente_D1_a.txt,100000,0.915857,71024640,descendente
quicksort,100000_descendente_D1_b.txt,100000,0.89389,71024640,descendente
quicksort,100000_descendente_D1_c.txt,100000,1.175001,71024640,descendente
quicksort,100000_descendente_D7_a.txt,100000,1.210547,71024640,descendente
quicksort,100000_descendente_D7_b.txt,100000,0.918786,71024640,descendente
quicksort,100000_descendente_D7_c.txt,100000,1.048953,71024640,descendente
quicksort,1000_aleatorio_D1_a.txt,1000,0.026165,71024640,aleatorio
quicksort,1000_aleatorio_D1_b.txt,1000,0.032078,71024640,aleatorio
quicksort,1000_aleatorio_D1_c.txt,1000,0.031305,71024640,aleatorio
quicksort,1000_aleatorio_D7_a.txt,1000,0.052315,71024640,aleatorio
quicksort,1000_aleatorio_D7_b.txt,1000,0.055987,71024640,aleatorio
quicksort,1000_aleatorio_D7_c.txt,1000,0.054496,71024640,aleatorio
quicksort,1000_ascendente_D1_a.txt,1000,0.014776,71024640,ascendente
quicksort,1000_ascendente_D1_b.txt,1000,0.01687,71024640,ascendente
quicksort,1000_ascendente_D1_c.txt,1000,0.016188,71024640,ascendente
quicksort,1000_ascendente_D7_a.txt,1000,0.014364,71024640,ascendente
quicksort,1000_ascendente_D7_b.txt,1000,0.011991,71024640,ascendente
quicksort,1000_ascendente_D7_c.txt,1000,0.010426,71024640,ascendente
quicksort,1000_descendente_D1_a.txt,1000,0.015489,71024640,descendente
quicksort,1000_descendente_D1_b.txt,1000,0.018376,71024640,descendente
quicksort,1000_descendente_D1_c.txt,1000,0.014265,71024640,descendente
quicksort,1000_descendente_D7_a.txt,1000,0.010917,71024640,descendente
quicksort,1000_descendente_D7_b.txt,1000,0.010398,71024640,descendente
quicksort,1000_descendente_D7_c.txt,1000,0.014615,71024640,descendente
quicksort,10_aleatorio_D1_a.txt,10,0.000873,71024640,aleatorio
quicksort,10_aleatorio_D1_b.txt,10,0.001752,71024640,aleatorio
quicksort,10_aleatorio_D1_c.txt,10,0.001396,71024640,aleatorio
quicksort,10_aleatorio_D7_a.txt,10,0.000904,71024640,aleatorio
quicksort,10_aleatorio_D7_b.txt,10,0.001184,71024640,aleatorio
quicksort,10_aleatorio_D7_c.txt,10,0.000966,71024640,aleatorio
quicksort,10_ascendente_D1_a.txt,10,0.00107,71024640,ascendente
quicksort,10_ascendente_D1_b.txt,10,0.001282,71024640,ascendente
quicksort,10_ascendente_D1_c.txt,10,0.0014,71024640,ascendente
quicksort,10_ascendente_D7_a.txt,10,0.001162,71024640,ascendente
quicksort,10_ascendente_D7_b.txt,10,0.001059,71024640,ascendente
quicksort,10_ascendente_D7_c.txt,10,0.000955,71024640,ascendente
quicksort,10_descendente_D1_a.txt,10,0.001453,71024640,descendente
quicksort,10_descendente_D1_b.txt,10,0.001251,71024640,descendente
quicksort,10_descendente_D1_c.txt,10,0.000885,71024640,descendente
quicksort,10_descendente_D7_a.txt,10,0.001072,71024640,descendente
quicksort,10_descendente_D7_b.txt,10,0.001178,71024640,descendente
quicksort,10_descendente_D7_c.txt,10,0.000905,71024640,descendente
quicksort,100000_aleatorio_D1_a.txt,100000,1.979077,71184384,aleatorio
quicksort,100000_aleatorio_D1_b.txt,100000,2.060751,71184384,aleatorio
quicksort,100000_aleatorio_D1_c.txt,100000,2.020631,71184384,aleatorio
quicksort,100000_aleatorio_D7_a.txt,100000,6.761768,71184384,aleatorio
quicksort,100000_aleatorio_D7_b.txt,100000,6.836824,71184384,aleatorio
quicksort,100000_aleatorio_D7_c.txt,100000,6.504769,71184384,aleatorio
quicksort,100000_ascendente_D1_a.txt,100000,0.763503,71184384,ascendente
quicksort,100000_ascendente_D1_b.txt,100000,0.814587,71184384,ascendente
quicksort,100000_ascendente_D1_c.txt,100000,1.17661,71184384,ascendente
quicksort,100000_ascendente_D7_a.txt,100000,0.848797,71184384,ascendente
quicksort,100000_ascendente_D7_b.txt,100000,0.863929,71184384,ascendente
quicksort,100000_ascendente_D7_c.txt,100000,0.901641,71184384,ascendente
quicksort,100000_descendente_D1_a.txt,100000,0.915827,71184384,descendente
quicksort,100000_descendente_D1_b.txt,100000,0.815867,71184384,descendente
quicksort,100000_descendente_D1_c.txt,100000,0.891549,71184384,descendente
quicksort,100000_descendente_D7_a.txt,100000,0.883218,71184384,descendente
quicksort,100000_descendente_D7_b.txt,100000,0.853545,71184384,descendente
quicksort,100000_descendente_D7_c.txt,100000,0.849245,71184384,descendente
quicksort,1000_aleatorio_D1_a.txt,1000,0.024204,71184384,aleatorio
quicksort,1000_aleatorio_D1_b.txt,1000,0.024172,71184384,aleatorio
quicksort,1000_aleatorio_D1_c.txt,1000,0.024864,71184384,aleatorio
quicksort,1000_aleatorio_D7_a.txt,1000,0.062292,71184384,aleatorio
quicksort,1000_aleatorio_D7_b.txt,1000,0.050296,71184384,aleatorio
quicksort,1000_aleatorio_D7_c.txt,1000,0.051003,71184384,aleatorio
quicksort,1000_ascendente_D1_a.txt,1000,0.019312,71184384,ascendente
quicksort,1000_ascendente_D1_b.txt,1000,0.020267,71184384,ascendente
quicksort,1000_ascendente_D1_c.txt,1000,0.013686,71184384,ascendente
quicksort,1000_ascendente_D7_a.txt,1000,0.009545,71184384,ascendente
quicksort,1000_ascendente_D7_b.txt,1000,0.010063,71184384,ascendente
quicksort,1000_ascendente_D7_c.txt,1000,0.010095,71184384,ascendente
quicksort,1000_descendente_D1_a.txt,1000,0.01432,71184384,descendente
quicksort,1000_descendente_D1_b.txt,1000,0.013956,71184384,descendente
quicksort,1000_descendente_D1_c.txt,1000,0.014005,71184384,descendente
quicksort,1000_descendente_D7_a.txt,1000,0.010592,71184384,descendente
quicksort,1000_descendente_D7_b.txt,1000,0.010596,71184384,descendente
quicksort,1000_descendente_D7_c.txt,1000,0.009765,71184384,descendente
quicksort,10_aleatorio_D1_a.txt,10,0.00114,71184384,aleatorio
quicksort,10_aleatorio_D1_b.txt,10,0.000885,71184384,aleatorio
quicksort,10_aleatorio_D1_c.txt,10,0.000824,71184384,aleatorio
quicksort,10_aleatorio_D7_a.txt,10,0.000767,71184384,aleatorio
quicksort,10_aleatorio_D7_b.txt,10,0.000946,71184384,aleatorio
quicksort,10_aleatorio_D7_c.txt,10,0.00079,71184384,aleatorio
quicksort,10_ascendente_D1_a.txt,10,0.00071,71184384,ascendente
quicksort,10_ascendente_D1_b.txt,10,0.000778,71184384,ascendente
quicksort,10_ascendente_D1_c.txt,10,0.000845,71184384,ascendente
quicksort,10_ascendente_D7_a.txt,10,0.000814,71184384,ascendente
quicksort,10_ascendente_D7_b.txt,10,0.000764,71184384,ascendente
quicksort,10_ascendente_D7_c.txt,10,0.000789,71184384,ascendente
quicksort,10_descendente_D1_a.txt,10,0.000829,71184384,descendente
quicksort,10_descendente_D1_b.txt,10,0.000716,71184384,descendente
quicksort,10_descendente_D1_c.txt,10,0.000641,71184384,descendente
quicksort,10_descendente_D7_a.txt,10,0.000685,71184384,descendente
quicksort,10_descendente_D7_b.txt,10,0.000978,71184384,descendente
quicksort,10_descendente_D7_c.txt,10,0.000687,71184384,descendente
quicksort,100000_aleatorio_D1_a.txt,100000,2.065753,8310,aleatorio
quicksort,100000_aleatorio_D1_b.txt,100000,2.043861,8310,aleatorio
quicksort,100000_aleatorio_D1_c.txt,100000,1.922023,8310,aleatorio
quicksort,100000_aleatorio_D7_a.txt,100000,6.535922,8310,aleatorio
quicksort,100000_aleatorio_D7_b.txt,100000,6.386445,8310,aleatorio
quicksort,100000_aleatorio_D7_c.txt,100000,6.701775,8310,aleatorio
quicksort,100000_ascendente_D1_a.txt,100000,0.868842,8311,ascendente
quicksort,100000_ascendente_D1_b.txt,100000,0.828789,8311,ascendente
quicksort,100000_ascendente_D1_c.txt,100000,1.474027,8311,ascendente
quicksort,100000_ascendente_D7_a.txt,100000,0.863422,8311,ascendente
quicksort,100000_ascendente_D7_b.txt,100000,0.859761,8311,ascendente
quicksort,100000_ascendente_D7_c.txt,100000,0.879348,8311,ascendente
quicksort,100000_descendente_D1_a.txt,100000,0.812972,8312,descendente
quicksort,100000_descendente_D1_b.txt,100000,0.930103,8312,descendente
quicksort,100000_descendente_D1_c.txt,100000,0.972617,8312,descendente
quicksort,100000_descendente_D7_a.txt,100000,0.885087,8312,descendente
quicksort,100000_descendente_D7_b.txt,100000,0.880268,8312,descendente
quicksort,100000_descendente_D7_c.txt,100000,0.933317,8312,descendente
quicksort,1000_aleatorio_D1_a.txt,1000,0.023999,8308,aleatorio
quicksort,1000_aleatorio_D1_b.txt,1000,0.024656,8308,aleatorio
quicksort,1000_aleatorio_D1_c.txt,1000,0.02482,8308,aleatorio
quicksort,1000_aleatorio_D7_a.txt,1000,0.04876,8308,aleatorio
quicksort,1000_aleatorio_D7_b.txt,1000,0.048825,8308,aleatorio
quicksort,1000_aleatorio_D7_c.txt,1000,0.050439,8308,aleatorio
quicksort,1000_ascendente_D1_a.txt,1000,0.013665,8309,ascendente
quicksort,1000_ascendente_D1_b.txt,1000,0.014497,8309,ascendente
quicksort,1000_ascendente_D1_c.txt,1000,0.032472,8309,ascendente
quicksort,1000_ascendente_D7_a.txt,1000,0.00983,8309,ascendente
quicksort,1000_ascendente_D7_b.txt,1000,0.010001,8309,ascendente
quicksort,1000_ascendente_D7_c.txt,1000,0.009394,8309,ascendente
quicksort,1000_descendente_D1_a.txt,1000,0.014055,8310,descendente
quicksort,1000_descendente_D1_b.txt,1000,0.014416,8310,descendente
quicksort,1000_descendente_D1_c.txt,1000,0.015122,8310,descendente
quicksort,1000_descendente_D7_a.txt,1000,0.01027,8310,descendente
quicksort,1000_descendente_D7_b.txt,1000,0.009889,8310,descendente
quicksort,1000_descendente_D7_c.txt,1000,0.009684,8310,descendente
quicksort,10_aleatorio_D1_a.txt,10,0.001037,8306,aleatorio
quicksort,10_aleatorio_D1_b.txt,10,0.000908,8306,aleatorio
quicksort,10_aleatorio_D1_c.txt,10,0.000852,8306,aleatorio
quicksort,10_aleatorio_D7_a.txt,10,0.000953,8306,aleatorio
quicksort,10_aleatorio_D7_b.txt,10,0.000872,8306,aleatorio
quicksort,10_aleatorio_D7_c.txt,10,0.001049,8306,aleatorio
quicksort,10_ascendente_D1_a.txt,10,0.000827,8307,ascendente
quicksort,10_ascendente_D1_b.txt,10,0.000831,8307,ascendente
quicksort,10_ascendente_D1_c.txt,10,0.000809,8307,ascendente
quicksort,10_ascendente_D7_a.txt,10,0.001183,8307,ascendente
quicksort,10_ascendente_D7_b.txt,10,0.000942,8307,ascendente
quicksort,10_ascendente_D7_c.txt,10,0.000825,8307,ascendente
quicksort,10_descendente_D1_a.txt,10,0.000801,8308,descendente
quicksort,10_descendente_D1_b.txt,10,0.000968,8308,descendente
quicksort,10_descendente_D1_c.txt,10,0.000832,8308,descendente
quicksort,10_descendente_D7_a.txt,10,0.000943,8308,descendente
quicksort,10_descendente_D7_b.txt,10,0.000762,8308,descendente
quicksort,10_descendente_D7_c.txt,10,0.001448,8308,descendente
stdsort,100000_aleatorio_D1_a.txt,100000,1.823344,71024640,aleatorio
stdsort,100000_aleatorio_D1_b.txt,100000,1.777743,71024640,aleatorio
stdsort,100000_aleatorio_D1_c.txt,100000,1.543252,71024640,aleatorio
stdsort,100000_aleatorio_D7_a.txt,100000,5.247657,71024640,aleatorio
stdsort,100000_aleatorio_D7_b.txt,100000,5.716183,71024640,aleatorio
stdsort,100000_aleatorio_D7_c.txt,100000,5.180831,71024640,aleatorio
stdsort,100000_ascendente_D1_a.txt,100000,0.513038,71024640,ascendente
stdsort,100000_ascendente_D1_b.txt,100000,0.770507,71024640,ascendente
stdsort,100000_ascendente_D1_c.txt,100000,0.436369,71024640,ascendente
stdsort,100000_ascendente_D7_a.txt,100000,0.622841,71024640,ascendente
stdsort,100000_ascendente_D7_b.txt,100000,0.654234,71024640,ascendente
stdsort,100000_ascendente_D7_c.txt,100000,0.616619,71024640,ascendente
stdsort,100000_descendente_D1_a.txt,100000,0.460026,71024640,descendente
stdsort,100000_descendente_D1_b.txt,100000,0.466025,71024640,descendente
stdsort,100000_descendente_D1_c.txt,100000,0.474284,71024640,descendente
stdsort,100000_descendente_D7_a.txt,100000,0.442731,71024640,descendente
stdsort,100000_descendente_D7_b.txt,100000,0.566709,71024640,descendente
stdsort,100000_descendente_D7_c.txt,100000,0.626498,71024640,descendente
stdsort,1000_aleatorio_D1_a.txt,1000,0.021054,71024640,aleatorio
stdsort,1000_aleatorio_D1_b.txt,1000,0.023853,71024640,aleatorio
stdsort,1000_aleatorio_D1_c.txt,1000,0.020317,71024640,aleatorio
stdsort,1000_aleatorio_D7_a.txt,1000,0.041337,71024640,aleatorio
stdsort,1000_aleatorio_D7_b.txt,1000,0.047008,71024640,aleatorio
stdsort,1000_aleatorio_D7_c.txt,1000,0.036396,71024640,aleatorio
stdsort,1000_ascendente_D1_a.txt,1000,0.007252,71024640,ascendente
stdsort,1000_ascendente_D1_b.txt,1000,0.00696,71024640,ascendente
stdsort,1000_ascendente_D1_c.txt,1000,0.006592,71024640,ascendente
stdsort,1000_ascendente_D7_a.txt,1000,0.006823,71024640,ascendente
stdsort,1000_ascendente_D7_b.txt,1000,0.006451,71024640,ascendente
stdsort,1000_ascendente_D7_c.txt,1000,0.006706,71024640,ascendente
stdsort,1000_descendente_D1_a.txt,1000,0.00734,71024640,descendente
stdsort,1000_descendente_D1_b.txt,1000,0.008521,71024640,descendente
stdsort,1000_descendente_D1_c.txt,1000,0.00699,71024640,descendente
stdsort,1000_descendente_D7_a.txt,1000,0.004541,71024640,descendente
stdsort,1000_descendente_D7_b.txt,1000,0.004812,71024640,descendente
stdsort,1000_descendente_D7_c.txt,1000,0.00468,71024640,descendente
stdsort,10_aleatorio_D1_a.txt,10,0.000986,71024640,aleatorio
stdsort,10_aleatorio_D1_b.txt,10,0.001012,71024640,aleatorio
stdsort,10_aleatorio_D1_c.txt,10,0.001073,71024640,aleatorio
stdsort,10_aleatorio_D7_a.txt,10,0.001251,71024640,aleatorio
stdsort,10_aleatorio_D7_b.txt,10,0.00158,71024640,aleatorio
stdsort,10_aleatorio_D7_c.txt,10,0.001334,71024640,aleatorio
stdsort,10_ascendente_D1_a.txt,10,0.001559,71024640,ascendente
stdsort,10_ascendente_D1_b.txt,10,0.000875,71024640,ascendente
stdsort,10_ascendente_D1_c.txt,10,0.000995,71024640,ascendente
stdsort,10_ascendente_D7_a.txt,10,0.001132,71024640,ascendente
stdsort,10_ascendente_D7_b.txt,10,0.000936,71024640,ascendente
stdsort,10_ascendente_D7_c.txt,10,0.001031,71024640,ascendente
stdsort,10_descendente_D1_a.txt,10,0.001341,71024640,descendente
stdsort,10_descendente_D1_b.txt,10,0.001166,71024640,descendente
stdsort,10_descendente_D1_c.txt,10,0.001083,71024640,descendente
stdsort,10_descendente_D7_a.txt,10,0.001092,71024640,descendente
stdsort,10_descendente_D7_b.txt,10,0.001307,71024640,descendente
stdsort,10_descendente_D7_c.txt,10,0.000974,71024640,descendente
stdsort,100000_aleatorio_D1_a.txt,100000,1.777802,71258112,aleatorio
stdsort,100000_aleatorio_D1_b.txt,100000,1.659116,71258112,aleatorio
stdsort,100000_aleatorio_D1_c.txt,100000,1.556001,71258112,aleatorio
stdsort,100000_aleatorio_D7_a.txt,100000,4.929407,71258112,aleatorio
stdsort,100000_aleatorio_D7_b.txt,100000,5.114166,71258112,aleatorio
stdsort,100000_aleatorio_D7_c.txt,100000,5.33855,71258112,aleatorio
stdsort,100000_ascendente_D1_a.txt,100000,0.456545,71258112,ascendente
stdsort,100000_ascendente_D1_b.txt,100000,0.791505,71258112,ascendente
stdsort,100000_ascendente_D1_c.txt,100000,0.462233,71258112,ascendente
stdsort,100000_ascendente_D7_a.txt,100000,0.663541,71258112,ascendente
stdsort,100000_ascendente_D7_b.txt,100000,0.609953,71258112,ascendente
stdsort,100000_ascendente_D7_c.txt,100000,0.597904,71258112,ascendente
stdsort,100000_descendente_D1_a.txt,100000,0.603759,71258112,descendente
stdsort,100000_descendente_D1_b.txt,100000,0.461945,71258112,descendente
stdsort,100000_descendente_D1_c.txt,100000,0.4299,71258112,descendente
stdsort,100000_descendente_D7_a.txt,100000,0.420708,71258112,descendente
stdsort,100000_descendente_D7_b.txt,100000,0.433632,71258112,descendente
stdsort,100000_descendente_D7_c.txt,100000,0.436772,71258112,descendente
stdsort,1000_aleatorio_D1_a.txt,1000,0.018756,71258112,aleatorio
stdsort,1000_aleatorio_D1_b.txt,1000,0.019305,71258112,aleatorio
stdsort,1000_aleatorio_D1_c.txt,1000,0.018827,71258112,aleatorio
stdsort,1000_aleatorio_D7_a.txt,1000,0.035483,71258112,aleatorio
stdsort,1000_aleatorio_D7_b.txt,1000,0.034081,71258112,aleatorio
stdsort,1000_aleatorio_D7_c.txt,1000,0.033219,71258112,aleatorio
stdsort,1000_ascendente_D1_a.txt,1000,0.005943,71258112,ascendente
stdsort,1000_ascendente_D1_b.txt,1000,0.005958,71258112,ascendente
stdsort,1000_ascendente_D1_c.txt,1000,0.006148,71258112,ascendente
stdsort,1000_ascendente_D7_a.txt,1000,0.005795,71258112,ascendente
stdsort,1000_ascendente_D7_b.txt,1000,0.011349,71258112,ascendente
stdsort,1000_ascendente_D7_c.txt,1000,0.009197,71258112,ascendente
stdsort,1000_descendente_D1_a.txt,1000,0.007015,71258112,descendente
stdsort,1000_descendente_D1_b.txt,1000,0.006958,71258112,descendente
stdsort,1000_descendente_D1_c.txt,1000,0.006727,71258112,descendente
stdsort,1000_descendente_D7_a.txt,1000,0.004614,71258112,descendente
stdsort,1000_descendente_D7_b.txt,1000,0.007769,71258112,descendente
stdsort,1000_descendente_D7_c.txt,1000,0.004568,71258112,descendente
stdsort,10_aleatorio_D1_a.txt,10,0.001095,71258112,aleatorio
stdsort,10_aleatorio_D1_b.txt,10,0.001127,71258112,aleatorio
stdsort,10_aleatorio_D1_c.txt,10,0.000784,71258112,aleatorio
stdsort,10_aleatorio_D7_a.txt,10,0.000894,71258112,aleatorio
stdsort,10_aleatorio_D7_b.txt,10,0.000916,71258112,aleatorio
stdsort,10_aleatorio_D7_c.txt,10,0.001003,71258112,aleatorio
stdsort,10_ascendente_D1_a.txt,10,0.000927,71258112,ascendente
stdsort,10_ascendente_D1_b.txt,10,0.000861,71258112,ascendente
stdsort,10_ascendente_D1_c.txt,10,0.001294,71258112,ascendente
stdsort,10_ascendente_D7_a.txt,10,0.001207,71258112,ascendente
stdsort,10_ascendente_D7_b.txt,10,0.000937,71258112,ascendente
stdsort,10_ascendente_D7_c.txt,10,0.00094,71258112,ascendente
stdsort,10_descendente_D1_a.txt,10,0.000972,71258112,descendente
stdsort,10_descendente_D1_b.txt,10,0.000948,71258112,descendente
stdsort,10_descendente_D1_c.txt,10,0.001006,71258112,descendente
stdsort,10_descendente_D7_a.txt,10,0.001224,71258112,descendente
stdsort,10_descendente_D7_b.txt,10,0.001462,71258112,descendente
stdsort,10_descendente_D7_c.txt,10,0.000911,71258112,descendente
stdsort,100000_aleatorio_D1_a.txt,100000,1.71587,400000,aleatorio
stdsort,100000_aleatorio_D1_b.txt,100000,1.876393,400000,aleatorio
stdsort,100000_aleatorio_D1_c.txt,100000,2.097452,400000,aleatorio
stdsort,100000_aleatorio_D7_a.txt,100000,5.083275,400000,aleatorio
stdsort,100000_aleatorio_D7_b.txt,100000,5.381896,400000,aleatorio
stdsort,100000_aleatorio_D7_c.txt,100000,5.056756,400000,aleatorio
stdsort,100000_ascendente_D1_a.txt,100000,0.828644,400000,ascendente
stdsort,100000_ascendente_D1_b.txt,100000,0.449907,400000,ascendente
stdsort,100000_ascendente_D1_c.txt,100000,0.444864,400000,ascendente
stdsort,100000_ascendente_D7_a.txt,100000,0.565914,400000,ascendente
stdsort,100000_ascendente_D7_b.txt,100000,0.632,400000,ascendente
stdsort,100000_ascendente_D7_c.txt,100000,0.543071,400000,ascendente
stdsort,100000_descendente_D1_a.txt,100000,0.469332,400000,descendente
stdsort,100000_descendente_D1_b.txt,100000,0.466234,400000,descendente
stdsort,100000_descendente_D1_c.txt,100000,0.858254,400000,descendente
stdsort,100000_descendente_D7_a.txt,100000,0.766649,400000,descendente
stdsort,100000_descendente_D7_b.txt,100000,0.42959,400000,descendente
stdsort,100000_descendente_D7_c.txt,100000,0.417799,400000,descendente
stdsort,1000_aleatorio_D1_a.txt,1000,0.018751,8308,aleatorio
stdsort,1000_aleatorio_D1_b.txt,1000,0.019808,8308,aleatorio
stdsort,1000_aleatorio_D1_c.txt,1000,0.022658,8308,aleatorio
stdsort,1000_aleatorio_D7_a.txt,1000,0.036272,8308,aleatorio
stdsort,1000_aleatorio_D7_b.txt,1000,0.043881,8308,aleatorio
stdsort,1000_aleatorio_D7_c.txt,1000,0.043355,8308,aleatorio
stdsort,1000_ascendente_D1_a.txt,1000,0.00618,8309,ascendente
stdsort,1000_ascendente_D1_b.txt,1000,0.006228,8309,ascendente
stdsort,1000_ascendente_D1_c.txt,1000,0.006175,8309,ascendente
stdsort,1000_ascendente_D7_a.txt,1000,0.005849,8309,ascendente
stdsort,1000_ascendente_D7_b.txt,1000,0.00618,8309,ascendente
stdsort,1000_ascendente_D7_c.txt,1000,0.005869,8309,ascendente
stdsort,1000_descendente_D1_a.txt,1000,0.009327,8310,descendente
stdsort,1000_descendente_D1_b.txt,1000,0.008984,8310,descendente
stdsort,1000_descendente_D1_c.txt,1000,0.006972,8310,descendente
stdsort,1000_descendente_D7_a.txt,1000,0.004748,8310,descendente
stdsort,1000_descendente_D7_b.txt,1000,0.007646,8310,descendente
stdsort,1000_descendente_D7_c.txt,1000,0.004573,8310,descendente
stdsort,10_aleatorio_D1_a.txt,10,0.000989,8306,aleatorio
stdsort,10_aleatorio_D1_b.txt,10,0.001069,8306,aleatorio
stdsort,10_aleatorio_D1_c.txt,10,0.00076,8306,aleatorio
stdsort,10_aleatorio_D7_a.txt,10,0.000749,8306,aleatorio
stdsort,10_aleatorio_D7_b.txt,10,0.00087,8306,aleatorio
stdsort,10_aleatorio_D7_c.txt,10,0.001503,8306,aleatorio
stdsort,10_ascendente_D1_a.txt,10,0.000832,8307,ascendente
stdsort,10_ascendente_D1_b.txt,10,0.000972,8307,ascendente
stdsort,10_ascendente_D1_c.txt,10,0.000747,8307,ascendente
stdsort,10_ascendente_D7_a.txt,10,0.0011,8307,ascendente
stdsort,10_ascendente_D7_b.txt,10,0.000736,8307,ascendente
stdsort,10_ascendente_D7_c.txt,10,0.001111,8307,ascendente
stdsort,10_descendente_D1_a.txt,10,0.001079,8308,descendente
stdsort,10_descendente_D1_b.txt,10,0.000878,8308,descendente
stdsort,10_descendente_D1_c.txt,10,0.00093,8308,descendente
stdsort,10_descendente_D7_a.txt,10,0.000864,8308,descendente
stdsort,10_descendente_D7_b.txt,10,0.001756,8308,descendente
stdsort,10_descendente_D7_c.txt,10,0.001343,8308,descendente
